单元,主题,重点,前置输入,作业产出,练习,验收
PD-01,认识PD与日常管理,区分维持现有表现与建立新的流程能力，判断一个工作问题是否值得进入PD。,选择一个虚构工作问题；本课不要求先会填矩阵。,A01 问题与价值定义卡,沿用虚构库存场景，写A01：一个问题现象、一项日常维持要求、一项流程突破方向、一个受益对象，以及尚缺的证据。,能区分现有服务标准与新增流程能力；说明客户或上下游价值，不以忙碌代替效果；列出待核事实，未填写真实敏感业务信息
PD-02,看懂七阶段与部署节奏,看懂PD从方向到实施再到回顾的运行顺序，找到自己的工作接口。,A01：已经区分维持与突破的工作问题。,A02 部署流程与回顾节奏图,使用A01绘制A02七阶段路径，标出月度偏差出现后返回哪里，并写出资源评估和年度回顾的接口。,七阶段与输入输出衔接完整；月度偏差存在返回实施的路线；时间节奏标为教学安排，不冒充公司制度
PD-03,选择突破并形成年度目标,从可靠现状出发，把突破方向转成定义清楚、可检查的年度目标。,A01问题与价值、A02部署流程。,A03 目标与差距定义卡,填写库存案例A03：使用演示基线100、期末目标70，写明假设期间和口径、客户价值、约束，并解释差距30为什么不是直接的处置任务量。,基线、期限、单位、范围及数据来源可辨认；说明目标与客户价值及长期方向的关系；区分余额差距与行动量，并保留约束
PD-04,从差距找到优先改善,从目标差距寻找有证据支持的流程改善，避免把目标重新写成任务。,A03：口径明确的目标及差距。,A04 优先改善与依据清单,围绕A03列出两个候选原因，为每个写出验证方法；选择一个流程改善形成A04，说明预期影响和不能保证的部分。,改善描述具体工作流程改变；原因有验证计划或事实证据，不只凭推测；说明选择依据、预期影响和限制
PD-05,定义指标并配置资源,定义能反映效果的指标，并把主要责任、协作责任和资源条件写清。,A03目标与A04优先改善。,A05 指标字典与责任表,给A04定义一个效果指标、一个里程碑和至少两个角色的工作接口，填写A05；对暂不能确定的数据口径明确留待核。,效果指标和里程碑分开定义；口径可用于实际取数或明确标待核；主责、支持任务和权限接口明确
PD-06,构建X矩阵与向下部署,把目标、改善、指标和资源连成可解释的矩阵，并正确承接上下层。,A03、A04、A05；角色路径跳过前课时，也需先具备这些成果。,A06 两层X矩阵与连接清单,依据A03—A05画两层关系，至少说明一项继承内容、一项本层新改善、一处指标关联，以及主责与支持任务，形成A06。,继承与本层新增内容可区分并追溯；关联和责任点按图例解释，不机械数点；本层行动能支撑上层，未滥用加总或固定层数
PD-07,把优先改善转成行动计划,把矩阵中的改善方案写成可以执行、检查和追踪效果的行动计划。,A04改善、A05指标与角色、A06承接关系。,A07 行动计划与证据清单,将A04的一项改善写成三步A07，使用相对周次和角色代号；每步附完成证据，并说明至少一个效果验证方法。,三步都有主责、时间和可检查产出；计划、实际与预计贡献分别记录；效果验证关联A05指标且保留约束
PD-08,用保龄球表跟踪结果,用独立的结果表比较计划与实际，识别需要解释和处理的偏差。,A05指标口径、A07行动计划。,A08 结果跟踪表与差异清单,依据演示数字填写A08，算出期末计划、实际与不利差额；补充交付约束的待取数项。,计划90、实际96、差额6计算及口径正确；余额与流量、行动与结果没有混淆；记录约束数据缺口并交给下一课分析
PD-09,从偏差到根因和对策,把结果偏差转成可验证的原因分析和有针对性的纠正行动。,A08差异清单及A07行动记录。,A09 偏差分析与纠偏记录,以差额6为输入，写两项原因假设及验证证据；对其中一项写‘若证实则采取’的对策、责任、期限及效果检查。,事实、假设和已验证结论分开；对策对应具体原因并具备责任与期限；明确效果检查及不奏效时的返回路径
PD-10,组织有效的月度回顾,把月度回顾组织成基于事实作决定、推动后续行动的工作机制。,A07行动证据、A08结果与趋势、A09原因和对策。,A10 月度回顾纪要与跟踪清单,以A07—A09写一份A10：列三项会前输入、一项需要决定的问题、一项未知事项，以及两项会后跟踪安排。,会议输入引用A07—A09事实；明确区分决定、建议和待核事项；后续动作有责任、期限与检查证据
PD-11,诊断、调整与年度评估,用多个周期的证据评价结果和过程，决定维持、修正或进入下一轮改善。,A02节奏、A03目标、多个周期A08结果和A10回顾记录。,A11 周期评估与下一轮建议,使用本课六期虚构案例填写A11，分别评价结果、过程和持续性，提出一项日常交接建议、一项下一轮建议及待核事项。,评价使用多周期证据而非只看末期；结果、过程和持续能力分别判断；交接与下一轮建议有依据，未冒充批准
PD-12,用责任与检查维持闭环,检查整条实施链是否接通，整理成果并对缺口安排返工和复验。,A01—A11成果；缺项必须明确列出。,A12 实施成果包与验收清单,汇总A01—A11形成A12，选一个目标演示完整链条，至少指出一个真实的学习缺口并写出返工单元、修改产出和复验方式。,成果间输入输出相连，可解释完整实施链；至少一处缺口有明确返工和复验安排；学习自查与导师验收分开，未虚构完成
